fixef,fixef_std,trait,pop
-0.719732566432009,0.0687435972682821,bd_geno,Blh-1
-0.0562029047825123,0.0953777042447059,bd_geno,Blh-1
0.131127400869731,0.0625824730653768,bd_geno,Blh-1
-0.0741785454726983,0.0629095171008439,bd_geno,Blh-1
-0.0419364422614179,0.10165548780227,bd_geno,Blh-1
-0.133838157332018,0.0618955248909581,bd_geno,Bur-0
0.505210443605829,0.133325175638656,bd_geno,Bur-0
0.243866465868076,0.080332961627555,bd_geno,Bur-0
-0.214762967881446,0.0809938530905236,bd_geno,Bur-0
-0.443719893681081,0.127887003760903,bd_geno,Bur-0
-0.0244541141856287,0.0609444596388178,bd_geno,Cvi-0
-0.273624244534892,0.118162060037567,bd_geno,Cvi-0
0.208759310977926,0.0774110417658606,bd_geno,Cvi-0
-0.275608308615986,0.0792205684323689,bd_geno,Cvi-0
-0.135532663579351,0.116381979793434,bd_geno,Cvi-0
-0.618133205202955,0.110905147369327,bd_geno,Ita-0
-0.824097667134038,0.388873042583382,bd_geno,Ita-0
0.160127381775296,0.0912158949818375,bd_geno,Ita-0
0.0242446637423736,0.0963145506797472,bd_geno,Ita-0
0.458907561161127,0.402033463964247,bd_geno,Ita-0
-0.988785759072602,0.0862356416087705,bd_geno,Jea
-0.393432579456562,0.243188441600493,bd_geno,Jea
0.0950881710906345,0.0933094520430267,bd_geno,Jea
-0.0911690434574951,0.0955115882017518,bd_geno,Jea
0.299364986612467,0.239165101171795,bd_geno,Jea
-0.00297193967614945,0.0475524473534094,bd_geno,Oy-0
0.388908655854129,0.131883866027849,bd_geno,Oy-0
0.108114460043051,0.0501826367825548,bd_geno,Oy-0
-0.0170296810114486,0.0453787296073306,bd_geno,Oy-0
-0.359057578122714,0.13085123767676,bd_geno,Oy-0
-0.884383682059108,0.118112364002717,bd_geno,Sha
1.36256999147484,0.298173593414135,bd_geno,Sha
0.391260655073732,0.164386939892972,bd_geno,Sha
-0.311715106068303,0.157422588936626,bd_geno,Sha
-0.41894936902169,0.29284972925931,bd_geno,Sha
-0.0185777953265585,0.00169591150249661,bd_gxe,Blh-1
-0.00342551674896251,0.00168954490527952,bd_gxe,Blh-1
-0.00285199900544352,0.00154716890995869,bd_gxe,Blh-1
0.0109694941895407,0.00509697929094571,bd_gxe,Bur-0
-0.00601160981157124,0.00640373707801692,bd_gxe,Bur-0
0.0188898517598247,0.00652037077273132,bd_gxe,Bur-0
0.0044682849138396,0.0131755389831653,bd_gxe,Cvi-0
0.0729564124797435,0.0156149625107335,bd_gxe,Cvi-0
0.0590368894191892,0.0172936265230797,bd_gxe,Cvi-0
-0.0196459679055158,0.00320266187909025,bd_gxe,Ita-0
0.0053046400966631,0.00279099850359214,bd_gxe,Ita-0
-3.21055414361289e-05,0.00268679543520651,bd_gxe,Ita-0
0.0268623742102875,0.00260881623304025,bd_gxe,Jea
0.00289059524542961,0.00305712502305991,bd_gxe,Jea
0.001717723237235,0.00289482709633969,bd_gxe,Jea
-0.000548206935766144,0.000762497498274366,bd_gxe,Oy-0
0.00016938674431705,0.000718447832501095,bd_gxe,Oy-0
0.000516082488751313,0.000728462623738389,bd_gxe,Oy-0
-0.0080155162300063,0.00132834983183641,bd_gxe,Sha
0.0102047922948572,0.00162270725753087,bd_gxe,Sha
-0.0028849631371296,0.00167310974858761,bd_gxe,Sha
-0.256825708710387,0.0744997442102882,h3_h1_geno,Blh-1
0.0707831810919011,0.0821944771565525,h3_h1_geno,Blh-1
-0.0608373646262934,0.0818475738740035,h3_h1_geno,Blh-1
-0.056722531954473,0.0877008349107089,h3_h1_geno,Blh-1
-0.227243225454217,0.0860305443104669,h3_h1_geno,Blh-1
0.19130834991503,0.0823260016520108,h3_h1_geno,Blh-1
0.0206100800752586,0.074624205170686,h3_h1_geno,Blh-1
-0.218294186751636,0.0775757960885905,h3_h1_geno,Blh-1
-0.354919039964376,0.0503913629159658,h3_h1_geno,Bur-0
0.0607476922260008,0.0524423791698022,h3_h1_geno,Bur-0
-0.126863237180681,0.0512346541178231,h3_h1_geno,Bur-0
-0.152813127670168,0.0613716030027623,h3_h1_geno,Bur-0
0.0855680545115155,0.0623712306658337,h3_h1_geno,Bur-0
0.0935167575672629,0.0754519853818657,h3_h1_geno,Bur-0
-0.0229132702025457,0.0481615431849753,h3_h1_geno,Bur-0
0.00779920531790588,0.0772540163855114,h3_h1_geno,Bur-0
-0.112225956616102,0.0622174277617314,h3_h1_geno,Cvi-0
0.0439696924252627,0.0697253634765039,h3_h1_geno,Cvi-0
0.0849287894056173,0.0645992599624888,h3_h1_geno,Cvi-0
0.0220263910777529,0.06997130696305,h3_h1_geno,Cvi-0
0.0342544107973012,0.0632946539773603,h3_h1_geno,Cvi-0
-0.0443914604833997,0.0702467743178837,h3_h1_geno,Cvi-0
-0.0704195989928877,0.06706399905913,h3_h1_geno,Cvi-0
-0.125034405792714,0.0617625654117298,h3_h1_geno,Cvi-0
-0.234816909216091,0.0901959334407906,h3_h1_geno,Ita-0
-0.0674322191759155,0.0926787437361113,h3_h1_geno,Ita-0
0.0406371336347039,0.088446771623216,h3_h1_geno,Ita-0
0.013685045239559,0.0851217828516677,h3_h1_geno,Ita-0
0.163690204912558,0.08521166856007,h3_h1_geno,Ita-0
0.013680896210812,0.0913776645131998,h3_h1_geno,Ita-0
0.118003754381033,0.0829724708152246,h3_h1_geno,Ita-0
-0.00656564015253144,0.0811371267037198,h3_h1_geno,Ita-0
-0.0945121164892723,0.0926844165058399,h3_h1_geno,Jea
0.0693875548235684,0.0914543608547351,h3_h1_geno,Jea
-0.428134679607406,0.0952017853933115,h3_h1_geno,Jea
-0.164447580660149,0.0899573057420104,h3_h1_geno,Jea
0.345671661249244,0.0934986106615805,h3_h1_geno,Jea
-0.122747248532499,0.0865299171355629,h3_h1_geno,Jea
-0.0754227847981257,0.0844325774765401,h3_h1_geno,Jea
0.0740701964863891,0.0808878130855238,h3_h1_geno,Jea
0.0450240174517932,0.0661517563651515,h3_h1_geno,Oy-0
-0.0685274938655191,0.0724318127417758,h3_h1_geno,Oy-0
-0.107578331809668,0.0745518107810977,h3_h1_geno,Oy-0
-0.157827744895874,0.0705219905952761,h3_h1_geno,Oy-0
-0.0406180971605071,0.0726422044356046,h3_h1_geno,Oy-0
0.0208155612886578,0.0652837203874249,h3_h1_geno,Oy-0
0.17359263507882,0.0678481721097008,h3_h1_geno,Oy-0
-0.195998106590001,0.0612563047218924,h3_h1_geno,Oy-0
-0.282772833216037,0.0515736854344602,h3_h1_geno,Sha
-0.377590880041133,0.055231976879696,h3_h1_geno,Sha
-0.0636012101292224,0.0543531270959637,h3_h1_geno,Sha
-0.243607325596351,0.0526107100148169,h3_h1_geno,Sha
0.0235430178912932,0.0526811829225215,h3_h1_geno,Sha
0.265740147632187,0.0611916484552059,h3_h1_geno,Sha
-0.168912960524135,0.0506025658737434,h3_h1_geno,Sha
-0.0465792251427009,0.0594508620909548,h3_h1_geno,Sha
0.00616280894027735,0.00264855715433841,h3_h1_gxe,Blh-1
0.000598267603726636,0.00247976405090498,h3_h1_gxe,Blh-1
0.0704477906780842,0.0129507704502366,h3_h1_gxe,Bur-0
-0.00533260254878306,0.0133159281438215,h3_h1_gxe,Bur-0
-0.00984892011456466,0.00792064701724571,h3_h1_gxe,Cvi-0
0.021243588294239,0.00710662024389871,h3_h1_gxe,Cvi-0
0.0148916709759471,0.00517970615475173,h3_h1_gxe,Ita-0
0.000395180755245314,0.00486895230832577,h3_h1_gxe,Ita-0
-0.000664887221178498,0.00426220607273779,h3_h1_gxe,Jea
-0.0087138455573957,0.00407582580814473,h3_h1_gxe,Jea
0.00130559008655549,0.00816681249313219,h3_h1_gxe,Oy-0
0.00935438458878073,0.00842576131830627,h3_h1_gxe,Oy-0
0.0163795293760549,0.00709220568257248,h3_h1_gxe,Sha
0.0308160243963233,0.00695884858889643,h3_h1_gxe,Sha
-0.0546776306368136,0.0228218133153476,i_dry_geno,Blh-1
-0.0941750413602637,0.0241420575019179,i_dry_geno,Blh-1
-0.0343690839207046,0.0175154888192992,i_dry_geno,Bur-0
-0.121565427712108,0.0201161989934069,i_dry_geno,Bur-0
0.0421389957498429,0.0403535786596642,i_dry_geno,Cvi-0
-0.139834103631477,0.047028073619023,i_dry_geno,Cvi-0
-0.22862666445715,0.0626750876203348,i_dry_geno,Ita-0
-0.192182131972361,0.0603159215885845,i_dry_geno,Ita-0
-0.128609747088548,0.0417989475549432,i_dry_geno,Jea
0.0615719183910464,0.0474584242885685,i_dry_geno,Jea
-0.0316847629992044,0.0279107072567232,i_dry_geno,Oy-0
0.00534147653834199,0.0266760191650635,i_dry_geno,Oy-0
-0.166527859452474,0.0262843189380439,i_dry_geno,Sha
-0.0160961533545884,0.030890652604409,i_dry_geno,Sha
-0.0357498119462558,0.00727636842973641,i_dry_gxe,Blh-1
0.0200226105559786,0.00682220352652822,i_dry_gxe,Blh-1
-0.119376981464432,0.0191363268615622,i_dry_gxe,Bur-0
-0.0409679258422135,0.0182098338852833,i_dry_gxe,Bur-0
-0.000439540302780152,0.00457696748551851,i_dry_gxe,Cvi-0
0.00707279172839078,0.00459037633714696,i_dry_gxe,Cvi-0
0.000372536514447256,0.00213565154921829,i_dry_gxe,Ita-0
0.000644468407553942,0.00187099199912773,i_dry_gxe,Ita-0
0.0101102996598097,0.0204276961648345,i_dry_gxe,Jea
-0.034112223466718,0.0193065623011861,i_dry_gxe,Jea
0.00311255623314567,0.00633673620965692,i_dry_gxe,Oy-0
-0.00866862742139967,0.0063850598727024,i_dry_gxe,Oy-0
-0.0491425680195096,0.0229504277857992,i_dry_gxe,Sha
-0.00691197483515137,0.0238198998357411,i_dry_gxe,Sha
-0.314038992242343,0.0748550665350258,r_dry_geno,Blh-1
0.0170513051954868,0.0789901746287728,r_dry_geno,Blh-1
0.0447952046408283,0.0779403897799611,r_dry_geno,Blh-1
-0.123789536105414,0.0779091345192032,r_dry_geno,Blh-1
0.0339024451823317,0.0829071700182639,r_dry_geno,Blh-1
-0.151764737201147,0.0486714296623175,r_dry_geno,Bur-0
-0.172003934826348,0.0620163317373623,r_dry_geno,Bur-0
0.110809274626849,0.0638648152349996,r_dry_geno,Bur-0
-0.0137232398969537,0.0645162475091475,r_dry_geno,Bur-0
-0.108971944244918,0.0661430654417634,r_dry_geno,Bur-0
0.0195579721240856,0.0574422323454279,r_dry_geno,Cvi-0
-0.322844492160995,0.0679742057438635,r_dry_geno,Cvi-0
0.240498650957269,0.0680735669104863,r_dry_geno,Cvi-0
-0.293895919300139,0.0706937661216608,r_dry_geno,Cvi-0
-0.00666918667414876,0.0692182394702873,r_dry_geno,Cvi-0
-0.431629209529593,0.0856786349818368,r_dry_geno,Ita-0
-0.354349012276562,0.0713519841947135,r_dry_geno,Ita-0
0.0746395372542713,0.0651379484505382,r_dry_geno,Ita-0
0.295950493283889,0.0721849765392101,r_dry_geno,Ita-0
-0.168734633796226,0.0691025136019065,r_dry_geno,Ita-0
-0.558139387954412,0.0772221513350381,r_dry_geno,Jea
-0.0362422651262481,0.0990244607027639,r_dry_geno,Jea
0.147992067760619,0.0924193981001008,r_dry_geno,Jea
-0.0107755777792473,0.0901416261798511,r_dry_geno,Jea
0.1562980682752,0.0987804173181011,r_dry_geno,Jea
-0.00809935369113206,0.0246456929973063,r_dry_geno,Oy-0
-0.00293942353418757,0.0235831403359047,r_dry_geno,Oy-0
0.0742484720692063,0.0246527683548888,r_dry_geno,Oy-0
-0.0296516100183634,0.0239165146466533,r_dry_geno,Oy-0
-0.0920229481689852,0.0240629218420784,r_dry_geno,Oy-0
-0.791612572446995,0.104871019932851,r_dry_geno,Sha
0.518802178413711,0.126586662481926,r_dry_geno,Sha
0.370382290742061,0.132763746259572,r_dry_geno,Sha
-0.31092269817963,0.130651531418713,r_dry_geno,Sha
-0.0526874436583228,0.125194858336638,r_dry_geno,Sha
-0.0303308760640306,0.0252430471944385,r_dry_gxe,Blh-1
-0.00062863012632484,0.00143876441419551,r_dry_gxe,Bur-0
-0.00857907641475749,0.0128111706750972,r_dry_gxe,Cvi-0
0.0114123140685111,0.00622798993755868,r_dry_gxe,Ita-0
-0.0442475154671112,0.0134930730788736,r_dry_gxe,Jea
0.000859162535970263,0.00138979029262841,r_dry_gxe,Oy-0
-0.0197003324936375,0.00601429417516204,r_dry_gxe,Sha
