pop,qtl,fixef,fixef_std,trait,count
Sha,m_4_407208,-0.884383682059125,0.118112364002706,bd_geno,147
Sha,m_5_3799350,1.36256999147483,0.298173593414133,bd_geno,147
Sha,m_5_26130021,0.39126065507369,0.164386939892942,bd_geno,147
Sha,m_4_9222034,-0.311715106068304,0.157422588936601,bd_geno,147
Sha,m_5_4216890,-0.418949369021648,0.292849729259307,bd_geno,147
Bur-0,m_4_407208,-0.13383815733225,0.0618955248917101,bd_geno,142
Bur-0,m_5_3799350,0.505210443606021,0.133325175638723,bd_geno,142
Bur-0,m_5_26130021,0.243866465873031,0.0803329616290374,bd_geno,142
Bur-0,m_4_9222034,-0.214762967879833,0.0809938530918596,bd_geno,142
Bur-0,m_5_4216890,-0.443719893682739,0.127887003761062,bd_geno,142
Blh-1,m_4_407208,-0.719732566432318,0.0687435972681002,bd_geno,132
Blh-1,m_5_3799350,-0.056202904782799,0.0953777042445249,bd_geno,132
Blh-1,m_5_26130021,0.131127400869814,0.0625824730650091,bd_geno,132
Blh-1,m_4_9222034,-0.0741785454723552,0.0629095171005265,bd_geno,132
Blh-1,m_5_4216890,-0.0419364422620817,0.101655487802092,bd_geno,132
Oy-0,m_4_407208,-0.00297193967589288,0.0475524473530024,bd_geno,149
Oy-0,m_5_3799350,0.388908655853766,0.131883866027817,bd_geno,149
Oy-0,m_5_26130021,0.108114460042571,0.0501826367820276,bd_geno,149
Oy-0,m_4_9222034,-0.0170296810122969,0.0453787296070111,bd_geno,149
Oy-0,m_5_4216890,-0.359057578123257,0.130851237676753,bd_geno,149
Jea,m_4_407208,-0.98878575907264,0.0862356416087946,bd_geno,145
Jea,m_5_3799350,-0.393432579456614,0.243188441600501,bd_geno,145
Jea,m_5_26130021,0.0950881710906883,0.0933094520430758,bd_geno,145
Jea,m_4_9222034,-0.0911690434575092,0.0955115882017883,bd_geno,145
Jea,m_5_4216890,0.299364986612444,0.239165101171802,bd_geno,145
Ita-0,m_4_407208,-0.618133205202946,0.110905147369333,bd_geno,130
Ita-0,m_5_3799350,-0.824097667134048,0.388873042583377,bd_geno,130
Ita-0,m_5_26130021,0.160127381775279,0.091215894981848,bd_geno,130
Ita-0,m_4_9222034,0.0242446637423883,0.0963145506797576,bd_geno,130
Ita-0,m_5_4216890,0.458907561161143,0.402033463964245,bd_geno,130
Cvi-0,m_4_407208,-0.0244541141858338,0.0609444596385041,bd_geno,147
Cvi-0,m_5_3799350,-0.273624244534547,0.118162060037539,bd_geno,147
Cvi-0,m_5_26130021,0.208759310976947,0.0774110417652485,bd_geno,147
Cvi-0,m_4_9222034,-0.275608308615691,0.07922056843181,bd_geno,147
Cvi-0,m_5_4216890,-0.135532663579635,0.116381979793365,bd_geno,147
Sha,m_4_407208,-0.00801551623000414,0.00132834983183416,bd_gxe,147
Sha,m_5_3799350,0.0102047922948511,0.00162270725752678,bd_gxe,147
Sha,m_4_9222034,-0.00288496313712775,0.00167310974858214,bd_gxe,147
Bur-0,m_4_407208,0.0109694941895421,0.00509697929094721,bd_gxe,142
Bur-0,m_5_3799350,-0.00601160981157491,0.00640373707801928,bd_gxe,142
Bur-0,m_4_9222034,0.0188898517598199,0.00652037077273428,bd_gxe,142
Blh-1,m_4_407208,-0.0185777953265585,0.00169591150249661,bd_gxe,132
Blh-1,m_5_3799350,-0.00342551674896251,0.00168954490527952,bd_gxe,132
Blh-1,m_4_9222034,-0.00285199900544352,0.00154716890995869,bd_gxe,132
Oy-0,m_4_407208,-0.000548206934116691,0.000762497501402757,bd_gxe,149
Oy-0,m_5_3799350,0.000169386755761369,0.000718447836331236,bd_gxe,149
Oy-0,m_4_9222034,0.000516082498031411,0.000728462627486876,bd_gxe,149
Jea,m_4_407208,0.0268623742094386,0.00260881623185445,bd_gxe,145
Jea,m_5_3799350,0.00289059524156229,0.0030571250204476,bd_gxe,145
Jea,m_4_9222034,0.0017177232371766,0.00289482709447213,bd_gxe,145
Ita-0,m_4_407208,-0.019645967905516,0.00320266187909044,bd_gxe,130
Ita-0,m_5_3799350,0.00530464009666254,0.0027909985035925,bd_gxe,130
Ita-0,m_4_9222034,-3.21055414356412e-05,0.00268679543520688,bd_gxe,130
Cvi-0,m_4_407208,0.00446828491386155,0.0131755389831235,bd_gxe,147
Cvi-0,m_5_3799350,0.0729564124797802,0.0156149625106878,bd_gxe,147
Cvi-0,m_4_9222034,0.0590368894191433,0.0172936265230084,bd_gxe,147
Sha,m_5_4216890,-0.282772833216125,0.0515736854344273,h3_h1_geno,147
Sha,m_2_11095198,-0.377590880041043,0.0552319768796598,h3_h1_geno,147
Sha,m_2_15165371,-0.0636012101291938,0.0543531270959315,h3_h1_geno,147
Sha,m_4_16212324,-0.243607325596399,0.0526107100147905,h3_h1_geno,147
Sha,m_4_11631139,0.0235430178913277,0.052681182922489,h3_h1_geno,147
Sha,m_1_8502198,0.26574014763222,0.061191648455172,h3_h1_geno,147
Sha,m_5_16608188,-0.168912960524081,0.0506025658736777,h3_h1_geno,147
Sha,m_1_5076809,-0.0465792251426841,0.0594508620909306,h3_h1_geno,147
Bur-0,m_5_4216890,-0.354919039974296,0.0503913629125155,h3_h1_geno,142
Bur-0,m_2_11095198,0.0607476922277046,0.0524423791660192,h3_h1_geno,142
Bur-0,m_2_15165371,-0.126863237175451,0.0512346541141975,h3_h1_geno,142
Bur-0,m_4_16212324,-0.152813127669801,0.0613716030001746,h3_h1_geno,142
Bur-0,m_4_11631139,0.0855680545104563,0.062371230663407,h3_h1_geno,142
Bur-0,m_1_8502198,0.093516757568295,0.0754519853791085,h3_h1_geno,142
Bur-0,m_5_16608188,-0.0229132702056972,0.048161543180006,h3_h1_geno,142
Bur-0,m_1_5076809,0.00779920531338753,0.0772540163833002,h3_h1_geno,142
Blh-1,m_5_4216890,-0.25682570871199,0.07449974420966,h3_h1_geno,132
Blh-1,m_2_11095198,0.0707831810928509,0.0821944771558483,h3_h1_geno,132
Blh-1,m_2_15165371,-0.0608373646251859,0.0818475738733955,h3_h1_geno,132
Blh-1,m_4_16212324,-0.0567225319536317,0.0877008349100666,h3_h1_geno,132
Blh-1,m_4_11631139,-0.227243225453426,0.0860305443099779,h3_h1_geno,132
Blh-1,m_1_8502198,0.191308349915637,0.0823260016513864,h3_h1_geno,132
Blh-1,m_5_16608188,0.0206100800748155,0.0746242051699865,h3_h1_geno,132
Blh-1,m_1_5076809,-0.21829418675071,0.0775757960880796,h3_h1_geno,132
Oy-0,m_5_4216890,0.0450240174505856,0.0661517563638719,h3_h1_geno,149
Oy-0,m_2_11095198,-0.0685274938640119,0.0724318127403809,h3_h1_geno,149
Oy-0,m_2_15165371,-0.107578331808411,0.0745518107791926,h3_h1_geno,149
Oy-0,m_4_16212324,-0.157827744897545,0.0705219905937393,h3_h1_geno,149
Oy-0,m_4_11631139,-0.0406180971603783,0.0726422044340192,h3_h1_geno,149
Oy-0,m_1_8502198,0.0208155612902712,0.0652837203861993,h3_h1_geno,149
Oy-0,m_5_16608188,0.173592635076552,0.0678481721082464,h3_h1_geno,149
Oy-0,m_1_5076809,-0.195998106592155,0.0612563047209985,h3_h1_geno,149
Jea,m_5_4216890,-0.0945121164892727,0.0926844165058306,h3_h1_geno,145
Jea,m_2_11095198,0.0693875548236038,0.091454360854725,h3_h1_geno,145
Jea,m_2_15165371,-0.428134679607393,0.0952017853933003,h3_h1_geno,145
Jea,m_4_16212324,-0.164447580660159,0.0899573057419978,h3_h1_geno,145
Jea,m_4_11631139,0.345671661249236,0.0934986106615745,h3_h1_geno,145
Jea,m_1_8502198,-0.122747248532502,0.086529917135552,h3_h1_geno,145
Jea,m_5_16608188,-0.0754227847981356,0.0844325774765266,h3_h1_geno,145
Jea,m_1_5076809,0.0740701964863896,0.0808878130855156,h3_h1_geno,145
Ita-0,m_5_4216890,-0.234816909215534,0.0901959334404922,h3_h1_geno,130
Ita-0,m_2_11095198,-0.0674322191758798,0.0926787437358383,h3_h1_geno,130
Ita-0,m_2_15165371,0.0406371336351734,0.0884467716229809,h3_h1_geno,130
Ita-0,m_4_16212324,0.0136850452390477,0.0851217828514822,h3_h1_geno,130
Ita-0,m_4_11631139,0.163690204912125,0.0852116685598945,h3_h1_geno,130
Ita-0,m_1_8502198,0.0136808962108676,0.0913776645129524,h3_h1_geno,130
Ita-0,m_5_16608188,0.118003754381236,0.0829724708149803,h3_h1_geno,130
Ita-0,m_1_5076809,-0.00656564015226973,0.0811371267035723,h3_h1_geno,130
Cvi-0,m_5_4216890,-0.112225956619557,0.0622174277582843,h3_h1_geno,147
Cvi-0,m_2_11095198,0.0439696924277682,0.0697253634721365,h3_h1_geno,147
Cvi-0,m_2_15165371,0.0849287894046011,0.0645992599584146,h3_h1_geno,147
Cvi-0,m_4_16212324,0.0220263910714584,0.0699713069577676,h3_h1_geno,147
Cvi-0,m_4_11631139,0.0342544107827685,0.0632946539736142,h3_h1_geno,147
Cvi-0,m_1_8502198,-0.0443914604778678,0.0702467743134421,h3_h1_geno,147
Cvi-0,m_5_16608188,-0.070419598989335,0.0670639990544161,h3_h1_geno,147
Cvi-0,m_1_5076809,-0.12503440578618,0.0617625654091521,h3_h1_geno,147
Sha,m_5_4991121,0.0163795293759308,0.00709220568260032,h3_h1_gxe,147
Sha,m_2_11952697,0.0308160243962745,0.00695884858893159,h3_h1_gxe,147
Bur-0,m_5_4991121,0.0704477906780929,0.012950770450233,h3_h1_gxe,142
Bur-0,m_2_11952697,-0.00533260254877521,0.0133159281438163,h3_h1_gxe,142
Blh-1,m_5_4991121,0.00616280894027735,0.00264855715433841,h3_h1_gxe,132
Blh-1,m_2_11952697,0.000598267603726636,0.00247976405090498,h3_h1_gxe,132
Oy-0,m_5_4991121,0.00130559008641556,0.00816681249302784,h3_h1_gxe,149
Oy-0,m_2_11952697,0.00935438458869688,0.00842576131819651,h3_h1_gxe,149
Jea,m_5_4991121,-0.00066488722113787,0.0042622060726208,h3_h1_gxe,145
Jea,m_2_11952697,-0.00871384555731378,0.00407582580802346,h3_h1_gxe,145
Ita-0,m_5_4991121,0.0148916709759613,0.00517970615476053,h3_h1_gxe,130
Ita-0,m_2_11952697,0.000395180755254816,0.00486895230833631,h3_h1_gxe,130
Cvi-0,m_5_4991121,-0.00984892011456466,0.00792064701724571,h3_h1_gxe,147
Cvi-0,m_2_11952697,0.021243588294239,0.00710662024389871,h3_h1_gxe,147
Sha,m_4_407208,-0.166527859452497,0.0262843189380372,i_dry_geno,147
Sha,m_5_4216890,-0.0160961533545888,0.0308906526043959,i_dry_geno,147
Bur-0,m_4_407208,-0.0343690839074742,0.0175154887843948,i_dry_geno,142
Bur-0,m_5_4216890,-0.121565427690489,0.0201161989341694,i_dry_geno,142
Blh-1,m_4_407208,-0.0546776306368139,0.0228218133153475,i_dry_geno,132
Blh-1,m_5_4216890,-0.0941750413602638,0.0241420575019178,i_dry_geno,132
Oy-0,m_4_407208,-0.0316847629992493,0.0279107072566854,i_dry_geno,149
Oy-0,m_5_4216890,0.0053414765383173,0.0266760191650283,i_dry_geno,149
Jea,m_4_407208,-0.128609747088705,0.041798947554997,i_dry_geno,145
Jea,m_5_4216890,0.0615719183909558,0.0474584242886897,i_dry_geno,145
Ita-0,m_4_407208,-0.228626664455556,0.0626750876183638,i_dry_geno,130
Ita-0,m_5_4216890,-0.192182131972787,0.0603159215852316,i_dry_geno,130
Cvi-0,m_4_407208,0.0421389957498228,0.0403535786596539,i_dry_geno,147
Cvi-0,m_5_4216890,-0.139834103631478,0.0470280736190078,i_dry_geno,147
Sha,m_5_4216890,-0.0491425680195425,0.0229504277857797,i_dry_gxe,147
Sha,m_5_20260494,-0.00691197483519369,0.0238198998357086,i_dry_gxe,147
Bur-0,m_5_4216890,-0.11937698146423,0.0191363268619516,i_dry_gxe,142
Bur-0,m_5_20260494,-0.0409679258428433,0.0182098338857966,i_dry_gxe,142
Blh-1,m_5_4216890,-0.0357498119462558,0.00727636842973641,i_dry_gxe,132
Blh-1,m_5_20260494,0.0200226105559786,0.00682220352652822,i_dry_gxe,132
Oy-0,m_5_4216890,0.00311255623314996,0.00633673620962608,i_dry_gxe,149
Oy-0,m_5_20260494,-0.00866862742140543,0.00638505987267277,i_dry_gxe,149
Jea,m_5_4216890,0.0101102996598408,0.0204276961648034,i_dry_gxe,145
Jea,m_5_20260494,-0.0341122234667279,0.019306562301159,i_dry_gxe,145
Ita-0,m_5_4216890,0.000372536514448,0.00213565154921967,i_dry_gxe,130
Ita-0,m_5_20260494,0.00064446840755204,0.00187099199912915,i_dry_gxe,130
Cvi-0,m_5_4216890,-0.000439540302602983,0.00457696748575311,i_dry_gxe,147
Cvi-0,m_5_20260494,0.00707279172899891,0.0045903763374817,i_dry_gxe,147
Sha,m_4_407208,-0.791612572446828,0.104871019932943,r_dry_geno,147
Sha,m_5_3799350,0.518802178413586,0.12658666248209,r_dry_geno,147
Sha,m_5_26130021,0.370382290742213,0.1327637462598,r_dry_geno,147
Sha,m_4_9222034,-0.310922698179669,0.130651531418923,r_dry_geno,147
Sha,m_4_16212324,-0.0526874436583341,0.125194858336823,r_dry_geno,147
Bur-0,m_4_407208,-0.151764737201282,0.0486714296629395,r_dry_geno,142
Bur-0,m_5_3799350,-0.172003934826078,0.0620163317382486,r_dry_geno,142
Bur-0,m_5_26130021,0.110809274628475,0.0638648152361867,r_dry_geno,142
Bur-0,m_4_9222034,-0.0137232398962112,0.0645162475101372,r_dry_geno,142
Bur-0,m_4_16212324,-0.108971944249156,0.0661430654428877,r_dry_geno,142
Blh-1,m_4_407208,-0.314038992245496,0.0748550665338639,r_dry_geno,132
Blh-1,m_5_3799350,0.0170513051897188,0.0789901746274746,r_dry_geno,132
Blh-1,m_5_26130021,0.0447952046408651,0.0779403897776212,r_dry_geno,132
Blh-1,m_4_9222034,-0.123789536105954,0.0779091345172371,r_dry_geno,132
Blh-1,m_4_16212324,0.0339024451830681,0.0829071700155241,r_dry_geno,132
Oy-0,m_4_407208,-0.00809935369092304,0.024645692997674,r_dry_geno,149
Oy-0,m_5_3799350,-0.00293942353296946,0.0235831403362899,r_dry_geno,149
Oy-0,m_5_26130021,0.0742484720697885,0.0246527683553737,r_dry_geno,149
Oy-0,m_4_9222034,-0.0296516100179232,0.0239165146469988,r_dry_geno,149
Oy-0,m_4_16212324,-0.0920229481690247,0.0240629218425142,r_dry_geno,149
Jea,m_4_407208,-0.558139387954482,0.0772221513350718,r_dry_geno,145
Jea,m_5_3799350,-0.0362422651262897,0.0990244607028154,r_dry_geno,145
Jea,m_5_26130021,0.14799206776071,0.0924193981001615,r_dry_geno,145
Jea,m_4_9222034,-0.0107755777791897,0.0901416261799005,r_dry_geno,145
Jea,m_4_16212324,0.156298068275232,0.0987804173181735,r_dry_geno,145
Ita-0,m_4_407208,-0.431629209529593,0.0856786349818368,r_dry_geno,130
Ita-0,m_5_3799350,-0.354349012276562,0.0713519841947135,r_dry_geno,130
Ita-0,m_5_26130021,0.0746395372542713,0.0651379484505382,r_dry_geno,130
Ita-0,m_4_9222034,0.295950493283889,0.0721849765392101,r_dry_geno,130
Ita-0,m_4_16212324,-0.168734633796226,0.0691025136019065,r_dry_geno,130
Cvi-0,m_4_407208,0.0195579721239426,0.0574422323453456,r_dry_geno,147
Cvi-0,m_5_3799350,-0.322844492160872,0.0679742057437349,r_dry_geno,147
Cvi-0,m_5_26130021,0.240498650956925,0.0680735669103059,r_dry_geno,147
Cvi-0,m_4_9222034,-0.293895919299957,0.0706937661214851,r_dry_geno,147
Cvi-0,m_4_16212324,-0.00666918667419736,0.0692182394701065,r_dry_geno,147
Sha,m_4_407208,-0.01970033249364,0.00601429417516387,r_dry_gxe,147
Bur-0,m_4_407208,-0.000628630126322692,0.00143876441422152,r_dry_gxe,142
Blh-1,m_4_407208,-0.0303308760639803,0.0252430471944613,r_dry_gxe,132
Oy-0,m_4_407208,0.000859162535976761,0.00138979029261715,r_dry_gxe,149
Jea,m_4_407208,-0.044247515467101,0.013493073078871,r_dry_gxe,145
Ita-0,m_4_407208,0.0114123140693175,0.00622798993775922,r_dry_gxe,130
Cvi-0,m_4_407208,-0.00857907641481591,0.0128111706751375,r_dry_gxe,147
